annee,iso3_accueil,iso3_origine,nb_demandes
2015,BEL,AGO,41
2015,BEL,BDI,28
2015,BEL,BEN,26
2015,BEL,BFA,39
2015,BEL,CAF,5
2015,BEL,CIV,59
2015,BEL,CMR,152
2015,BEL,COD,381
2015,BEL,DJI,53
2015,BEL,DZA,24
2015,BEL,EGY,44
2015,BEL,ERI,31
2015,BEL,ETH,38
2015,BEL,GHA,15
2015,BEL,GIN,385
2015,BEL,GMB,25
2015,BEL,GNB,5
2015,BEL,KEN,12
2015,BEL,LBR,6
2015,BEL,MAR,44
2015,BEL,MLI,39
2015,BEL,MRT,59
2015,BEL,NER,60
2015,BEL,NGA,48
2015,BEL,RWA,156
2015,BEL,SDN,32
2015,BEL,SEN,129
2015,BEL,SLE,17
2015,BEL,SOM,80
2015,BEL,TCD,5
2015,BEL,TGO,101
2015,BEL,TUN,12
2015,BEL,TZA,8
2015,BEL,UGA,10
2015,CYP,CMR,5
2015,CYP,DZA,5
2015,CYP,EGY,39
2015,CYP,GHA,5
2015,CYP,NGA,11
2015,CYP,SEN,5
2015,DNK,CMR,5
2015,DNK,COD,6
2015,DNK,DZA,5
2015,DNK,EGY,7
2015,DNK,ERI,68
2015,DNK,ETH,44
2015,DNK,GHA,6
2015,DNK,KEN,11
2015,DNK,LBY,15
2015,DNK,MAR,14
2015,DNK,NGA,22
2015,DNK,RWA,6
2015,DNK,SDN,42
2015,DNK,SOM,147
2015,DNK,TUN,7
2015,DNK,UGA,9
2015,FRA,AGO,325
2015,FRA,BDI,5
2015,FRA,BEN,7
2015,FRA,BFA,16
2015,FRA,BWA,5
2015,FRA,CAF,41
2015,FRA,CIV,643
2015,FRA,CMR,108
2015,FRA,COD,4253
2015,FRA,COG,616
2015,FRA,COM,94
2015,FRA,DJI,13
2015,FRA,DZA,981
2015,FRA,EGY,146
2015,FRA,ERI,366
2015,FRA,ESH,232
2015,FRA,ETH,97
2015,FRA,GAB,9
2015,FRA,GHA,18
2015,FRA,GIN,1987
2015,FRA,GMB,40
2015,FRA,GNB,90
2015,FRA,KEN,12
2015,FRA,LBR,5
2015,FRA,LBY,99
2015,FRA,MAR,67
2015,FRA,MDG,49
2015,FRA,MLI,726
2015,FRA,MRT,623
2015,FRA,NER,8
2015,FRA,NGA,1035
2015,FRA,RWA,48
2015,FRA,SDN,1636
2015,FRA,SEN,144
2015,FRA,SLE,24
2015,FRA,SOM,528
2015,FRA,TCD,170
2015,FRA,TGO,107
2015,FRA,TUN,56
2015,FRA,UGA,7
2015,FRA,ZAF,7
2015,GRC,BFA,12
2015,GRC,CAF,5
2015,GRC,CIV,22
2015,GRC,CMR,92
2015,GRC,COD,35
2015,GRC,COG,5
2015,GRC,COM,6
2015,GRC,DZA,61
2015,GRC,EGY,133
2015,GRC,ERI,16
2015,GRC,ETH,29
2015,GRC,GHA,30
2015,GRC,GIN,7
2015,GRC,GMB,5
2015,GRC,KEN,11
2015,GRC,LBR,5
2015,GRC,MAR,49
2015,GRC,MLI,5
2015,GRC,MRT,8
2015,GRC,NGA,245
2015,GRC,RWA,5
2015,GRC,SDN,49
2015,GRC,SEN,61
2015,GRC,SLE,7
2015,GRC,SOM,15
2015,GRC,TGO,6
2015,GRC,TUN,17
2015,GRC,TZA,12
2015,GRC,UGA,7
2015,IRL,AGO,5
2015,IRL,CMR,23
2015,IRL,COD,78
2015,IRL,COG,5
2015,IRL,DZA,53
2015,IRL,EGY,8
2015,IRL,ETH,5
2015,IRL,GHA,19
2015,IRL,GIN,10
2015,IRL,KEN,10
2015,IRL,LBR,10
2015,IRL,MUS,27
2015,IRL,MWI,41
2015,IRL,NGA,193
2015,IRL,RWA,10
2015,IRL,SDN,17
2015,IRL,SLE,12
2015,IRL,SOM,14
2015,IRL,TGO,5
2015,IRL,UGA,5
2015,IRL,ZAF,42
2015,IRL,ZWE,88
2015,LUX,CIV,5
2015,LUX,CMR,5
2015,LUX,ERI,5
2015,LUX,GIN,5
2015,LUX,GMB,5
2015,LUX,NGA,12
2015,LUX,SOM,5
2015,LUX,TUN,10
2015,MLT,CIV,19
2015,MLT,COM,5
2015,MLT,DZA,5
2015,MLT,EGY,16
2015,MLT,ERI,10
2015,MLT,ETH,11
2015,MLT,GIN,15
2015,MLT,GMB,14
2015,MLT,LBY,45
2015,MLT,MLI,28
2015,MLT,NGA,25
2015,MLT,SDN,5
2015,MLT,SEN,26
2015,MLT,SOM,12
2015,MLT,TUN,7
2015,NOR,AGO,16
2015,NOR,BDI,16
2015,NOR,CIV,10
2015,NOR,CMR,5
2015,NOR,COD,24
2015,NOR,DJI,8
2015,NOR,DZA,58
2015,NOR,EGY,40
2015,NOR,ERI,593
2015,NOR,ETH,326
2015,NOR,GHA,22
2015,NOR,GIN,17
2015,NOR,GMB,17
2015,NOR,KEN,8
2015,NOR,LBR,11
2015,NOR,LBY,30
2015,NOR,MAR,85
2015,NOR,MLI,8
2015,NOR,MRT,5
2015,NOR,NER,5
2015,NOR,NGA,201
2015,NOR,RWA,13
2015,NOR,SDN,115
2015,NOR,SEN,7
2015,NOR,SLE,9
2015,NOR,SOM,562
2015,NOR,SSD,10
2015,NOR,TCD,6
2015,NOR,TUN,39
2015,NOR,TZA,5
2015,NOR,UGA,44
2015,NOR,ZMB,5
2015,SWE,AGO,7
2015,SWE,BDI,7
2015,SWE,CIV,10
2015,SWE,CMR,15
2015,SWE,COD,30
2015,SWE,COG,6
2015,SWE,CPV,5
2015,SWE,DJI,18
2015,SWE,DZA,77
2015,SWE,EGY,125
2015,SWE,ERI,187
2015,SWE,ETH,174
2015,SWE,GHA,19
2015,SWE,GIN,11
2015,SWE,GMB,52
2015,SWE,GNB,5
2015,SWE,KEN,7
2015,SWE,LBR,5
2015,SWE,LBY,90
2015,SWE,MAR,214
2015,SWE,MDG,5
2015,SWE,MLI,5
2015,SWE,MRT,5
2015,SWE,NGA,124
2015,SWE,RWA,6
2015,SWE,SDN,81
2015,SWE,SEN,12
2015,SWE,SLE,12
2015,SWE,SOM,827
2015,SWE,TGO,5
2015,SWE,TUN,50
2015,SWE,TZA,13
2015,SWE,UGA,49
2015,SWE,ZAF,5
2015,SWE,ZMB,5
2016,BEL,AGO,26
2016,BEL,BDI,26
2016,BEL,BEN,17
2016,BEL,BFA,21
2016,BEL,CAF,7
2016,BEL,CIV,37
2016,BEL,CMR,108
2016,BEL,COD,358
2016,BEL,COG,5
2016,BEL,DJI,34
2016,BEL,DZA,17
2016,BEL,EGY,18
2016,BEL,ERI,25
2016,BEL,ETH,41
2016,BEL,GAB,5
2016,BEL,GHA,20
2016,BEL,GIN,283
2016,BEL,GMB,16
2016,BEL,KEN,14
2016,BEL,LBR,5
2016,BEL,MAR,40
2016,BEL,MLI,15
2016,BEL,MRT,40
2016,BEL,NER,31
2016,BEL,NGA,46
2016,BEL,RWA,92
2016,BEL,SDN,16
2016,BEL,SEN,89
2016,BEL,SLE,5
2016,BEL,SOM,286
2016,BEL,TCD,6
2016,BEL,TGO,93
2016,BEL,TUN,23
2016,BEL,TZA,6
2016,BEL,UGA,5
2016,BEL,ZWE,6
2016,CYP,CMR,5
2016,CYP,COD,5
2016,CYP,EGY,57
2016,CYP,NGA,6
2016,CYP,SLE,5
2016,CYP,SOM,28
2016,DNK,BDI,5
2016,DNK,COD,8
2016,DNK,DZA,5
2016,DNK,EGY,15
2016,DNK,ERI,25
2016,DNK,ETH,57
2016,DNK,GHA,5
2016,DNK,GIN,5
2016,DNK,GMB,5
2016,DNK,LBY,14
2016,DNK,MAR,15
2016,DNK,NGA,33
2016,DNK,RWA,5
2016,DNK,SDN,43
2016,DNK,SOM,104
2016,DNK,TUN,5
2016,DNK,UGA,21
2016,FRA,AGO,320
2016,FRA,BDI,5
2016,FRA,BEN,5
2016,FRA,BFA,57
2016,FRA,CAF,312
2016,FRA,CIV,785
2016,FRA,CMR,255
2016,FRA,COD,2501
2016,FRA,COG,294
2016,FRA,COM,104
2016,FRA,DJI,26
2016,FRA,DZA,1177
2016,FRA,EGY,183
2016,FRA,ERI,626
2016,FRA,ESH,440
2016,FRA,ETH,133
2016,FRA,GAB,21
2016,FRA,GHA,26
2016,FRA,GIN,1104
2016,FRA,GMB,139
2016,FRA,GNB,75
2016,FRA,GNQ,6
2016,FRA,KEN,18
2016,FRA,LBR,13
2016,FRA,LBY,68
2016,FRA,MAR,150
2016,FRA,MDG,62
2016,FRA,MLI,990
2016,FRA,MRT,739
2016,FRA,MUS,5
2016,FRA,NER,16
2016,FRA,NGA,1413
2016,FRA,RWA,43
2016,FRA,SDN,2766
2016,FRA,SEN,243
2016,FRA,SLE,77
2016,FRA,SOM,585
2016,FRA,TCD,297
2016,FRA,TGO,121
2016,FRA,TUN,89
2016,FRA,TZA,5
2016,FRA,UGA,8
2016,FRA,ZAF,5
2016,FRA,ZWE,9
2016,GRC,BFA,16
2016,GRC,CIV,34
2016,GRC,CMR,97
2016,GRC,COD,31
2016,GRC,COG,9
2016,GRC,DZA,356
2016,GRC,EGY,327
2016,GRC,ERI,21
2016,GRC,ETH,38
2016,GRC,GHA,54
2016,GRC,GIN,25
2016,GRC,GMB,26
2016,GRC,KEN,14
2016,GRC,LBR,6
2016,GRC,LBY,5
2016,GRC,MAR,173
2016,GRC,MLI,33
2016,GRC,MRT,7
2016,GRC,NER,7
2016,GRC,NGA,235
2016,GRC,RWA,5
2016,GRC,SDN,14
2016,GRC,SEN,59
2016,GRC,SLE,23
2016,GRC,SOM,15
2016,GRC,TGO,5
2016,GRC,TUN,23
2016,GRC,TZA,6
2016,GRC,UGA,31
2016,IRL,AGO,5
2016,IRL,BDI,5
2016,IRL,BWA,5
2016,IRL,CIV,5
2016,IRL,CMR,13
2016,IRL,COD,74
2016,IRL,COG,5
2016,IRL,DZA,67
2016,IRL,ETH,5
2016,IRL,GHA,11
2016,IRL,KEN,5
2016,IRL,LBY,5
2016,IRL,LSO,5
2016,IRL,MAR,5
2016,IRL,MUS,17
2016,IRL,MWI,97
2016,IRL,NGA,203
2016,IRL,RWA,6
2016,IRL,SDN,8
2016,IRL,SEN,5
2016,IRL,SOM,7
2016,IRL,TGO,5
2016,IRL,TUN,5
2016,IRL,ZAF,73
2016,IRL,ZWE,140
2016,LUX,CIV,5
2016,LUX,CMR,8
2016,LUX,DZA,10
2016,LUX,ERI,7
2016,LUX,GIN,5
2016,LUX,NGA,19
2016,LUX,SEN,5
2016,LUX,TGO,5
2016,LUX,TUN,7
2016,MLT,DZA,5
2016,MLT,EGY,13
2016,MLT,ERI,33
2016,MLT,ETH,30
2016,MLT,GMB,9
2016,MLT,LBY,22
2016,MLT,NER,5
2016,MLT,NGA,8
2016,MLT,SDN,5
2016,MLT,SEN,5
2016,MLT,SOM,22
2016,NOR,AGO,5
2016,NOR,BDI,15
2016,NOR,CIV,17
2016,NOR,CMR,7
2016,NOR,COD,14
2016,NOR,COG,5
2016,NOR,DJI,5
2016,NOR,DZA,43
2016,NOR,EGY,117
2016,NOR,ERI,380
2016,NOR,ETH,456
2016,NOR,GHA,15
2016,NOR,GIN,21
2016,NOR,GMB,33
2016,NOR,KEN,7
2016,NOR,LBR,5
2016,NOR,LBY,24
2016,NOR,MAR,63
2016,NOR,MLI,6
2016,NOR,MRT,5
2016,NOR,NER,5
2016,NOR,NGA,91
2016,NOR,RWA,5
2016,NOR,SDN,105
2016,NOR,SEN,15
2016,NOR,SLE,8
2016,NOR,SOM,430
2016,NOR,SSD,9
2016,NOR,TUN,13
2016,NOR,UGA,11
2016,NOR,ZMB,5
2016,NOR,ZWE,5
2016,POL,EGY,6
2016,POL,NGA,7
2016,SWE,AGO,13
2016,SWE,BDI,31
2016,SWE,CIV,19
2016,SWE,CMR,32
2016,SWE,COD,28
2016,SWE,COG,14
2016,SWE,DJI,28
2016,SWE,DZA,105
2016,SWE,EGY,257
2016,SWE,ERI,440
2016,SWE,ETH,473
2016,SWE,GHA,41
2016,SWE,GIN,23
2016,SWE,GMB,100
2016,SWE,GNB,5
2016,SWE,KEN,36
2016,SWE,LBR,5
2016,SWE,LBY,140
2016,SWE,MAR,260
2016,SWE,MLI,5
2016,SWE,NGA,317
2016,SWE,RWA,8
2016,SWE,SDN,161
2016,SWE,SEN,25
2016,SWE,SLE,11
2016,SWE,SOM,1446
2016,SWE,TCD,5
2016,SWE,TGO,5
2016,SWE,TUN,65
2016,SWE,TZA,33
2016,SWE,UGA,44
2016,SWE,ZMB,5
2016,SWE,ZWE,13
2017,CYP,CIV,5
2017,CYP,CMR,20
2017,CYP,COD,10
2017,CYP,EGY,42
2017,CYP,GMB,6
2017,CYP,NGA,16
2017,CYP,SOM,16
2017,DNK,CMR,10
2017,DNK,COD,17
2017,DNK,DZA,8
2017,DNK,EGY,9
2017,DNK,ERI,9
2017,DNK,ETH,57
2017,DNK,GHA,9
2017,DNK,GIN,6
2017,DNK,GMB,7
2017,DNK,KEN,5
2017,DNK,LBY,8
2017,DNK,NGA,35
2017,DNK,SDN,10
2017,DNK,SLE,5
2017,DNK,SOM,100
2017,DNK,TUN,5
2017,DNK,UGA,30
2017,FRA,AGO,415
2017,FRA,BDI,13
2017,FRA,BEN,32
2017,FRA,BFA,119
2017,FRA,CAF,440
2017,FRA,CIV,1318
2017,FRA,CMR,309
2017,FRA,COD,3026
2017,FRA,COG,571
2017,FRA,COM,146
2017,FRA,DJI,58
2017,FRA,DZA,1258
2017,FRA,EGY,297
2017,FRA,ERI,299
2017,FRA,ESH,716
2017,FRA,ETH,207
2017,FRA,GAB,108
2017,FRA,GHA,24
2017,FRA,GIN,2434
2017,FRA,GMB,139
2017,FRA,GNB,77
2017,FRA,GNQ,9
2017,FRA,KEN,47
2017,FRA,LBR,33
2017,FRA,LBY,209
2017,FRA,MAR,285
2017,FRA,MDG,81
2017,FRA,MLI,1009
2017,FRA,MOZ,8
2017,FRA,MRT,785
2017,FRA,MUS,13
2017,FRA,NER,53
2017,FRA,NGA,1625
2017,FRA,RWA,70
2017,FRA,SDN,2594
2017,FRA,SEN,474
2017,FRA,SLE,91
2017,FRA,SOM,417
2017,FRA,TCD,278
2017,FRA,TGO,128
2017,FRA,TUN,101
2017,FRA,TZA,7
2017,FRA,UGA,5
2017,GRC,BFA,7
2017,GRC,CIV,18
2017,GRC,CMR,66
2017,GRC,COD,139
2017,GRC,COG,22
2017,GRC,DZA,286
2017,GRC,EGY,359
2017,GRC,ERI,19
2017,GRC,ETH,29
2017,GRC,GHA,30
2017,GRC,GIN,36
2017,GRC,GMB,14
2017,GRC,KEN,5
2017,GRC,MAR,161
2017,GRC,MLI,25
2017,GRC,NER,9
2017,GRC,NGA,151
2017,GRC,RWA,5
2017,GRC,SDN,16
2017,GRC,SEN,35
2017,GRC,SLE,27
2017,GRC,SOM,5
2017,GRC,TGO,5
2017,GRC,TUN,17
2017,GRC,UGA,6
2017,GRC,ZWE,5
2017,IRL,BWA,5
2017,IRL,CIV,5
2017,IRL,CMR,5
2017,IRL,COD,23
2017,IRL,DZA,16
2017,IRL,EGY,5
2017,IRL,GHA,14
2017,IRL,LBR,5
2017,IRL,LSO,5
2017,IRL,MUS,11
2017,IRL,MWI,54
2017,IRL,NGA,161
2017,IRL,RWA,7
2017,IRL,SLE,5
2017,IRL,SWZ,5
2017,IRL,ZAF,46
2017,IRL,ZWE,111
2017,LUX,AGO,5
2017,LUX,DZA,10
2017,LUX,ERI,5
2017,LUX,SOM,5
2017,LUX,TUN,10
2017,MLT,BFA,5
2017,MLT,CIV,5
2017,MLT,DZA,5
2017,MLT,EGY,7
2017,MLT,ERI,29
2017,MLT,ETH,20
2017,MLT,GMB,5
2017,MLT,LBY,33
2017,MLT,MLI,5
2017,MLT,NGA,21
2017,MLT,SDN,17
2017,MLT,SEN,7
2017,MLT,SOM,62
2017,MLT,TUN,7
2017,NOR,AGO,11
2017,NOR,BDI,7
2017,NOR,CIV,15
2017,NOR,COD,12
2017,NOR,DJI,5
2017,NOR,DZA,12
2017,NOR,EGY,16
2017,NOR,ERI,203
2017,NOR,ETH,292
2017,NOR,GHA,7
2017,NOR,GIN,6
2017,NOR,GMB,5
2017,NOR,LBR,6
2017,NOR,LBY,9
2017,NOR,MAR,36
2017,NOR,NGA,46
2017,NOR,RWA,5
2017,NOR,SDN,31
2017,NOR,SEN,5
2017,NOR,SLE,5
2017,NOR,SOM,165
2017,NOR,TUN,9
2017,NOR,UGA,5
2017,POL,COD,5
2017,POL,DZA,7
2017,POL,EGY,5
2017,POL,ETH,5
2017,POL,GIN,5
2017,POL,NGA,5
2017,POL,SDN,5
2017,SWE,AGO,11
2017,SWE,BDI,20
2017,SWE,CIV,13
2017,SWE,CMR,34
2017,SWE,COD,20
2017,SWE,COG,13
2017,SWE,DJI,29
2017,SWE,DZA,79
2017,SWE,EGY,143
2017,SWE,ERI,236
2017,SWE,ETH,493
2017,SWE,GHA,33
2017,SWE,GIN,11
2017,SWE,GMB,73
2017,SWE,KEN,33
2017,SWE,LBR,5
2017,SWE,LBY,68
2017,SWE,MAR,222
2017,SWE,MLI,9
2017,SWE,NGA,166
2017,SWE,RWA,9
2017,SWE,SDN,91
2017,SWE,SEN,14
2017,SWE,SLE,12
2017,SWE,SOM,1047
2017,SWE,TCD,5
2017,SWE,TUN,71
2017,SWE,TZA,28
2017,SWE,UGA,15
2017,SWE,ZAF,6
2017,SWE,ZWE,5
2018,CYP,CIV,5
2018,CYP,CMR,24
2018,CYP,COD,10
2018,CYP,EGY,74
2018,CYP,ETH,5
2018,CYP,GMB,18
2018,CYP,NGA,7
2018,CYP,SOM,8
2018,DNK,BDI,5
2018,DNK,CMR,5
2018,DNK,DZA,8
2018,DNK,EGY,5
2018,DNK,ERI,5
2018,DNK,ETH,5
2018,DNK,GIN,5
2018,DNK,GMB,7
2018,DNK,KEN,5
2018,DNK,LBY,7
2018,DNK,MAR,22
2018,DNK,NGA,21
2018,DNK,SOM,60
2018,DNK,UGA,8
2018,FRA,AGO,713
2018,FRA,BEN,56
2018,FRA,BFA,117
2018,FRA,CAF,249
2018,FRA,CIV,3008
2018,FRA,CMR,567
2018,FRA,COD,2735
2018,FRA,COG,859
2018,FRA,COM,148
2018,FRA,DJI,59
2018,FRA,DZA,1744
2018,FRA,EGY,395
2018,FRA,ERI,229
2018,FRA,ESH,597
2018,FRA,ETH,436
2018,FRA,GAB,271
2018,FRA,GIN,3518
2018,FRA,GMB,163
2018,FRA,GNB,112
2018,FRA,GNQ,19
2018,FRA,KEN,29
2018,FRA,LBR,33
2018,FRA,LBY,289
2018,FRA,MAR,358
2018,FRA,MDG,74
2018,FRA,MLI,1289
2018,FRA,MRT,620
2018,FRA,NER,42
2018,FRA,NGA,2316
2018,FRA,RWA,111
2018,FRA,SDN,1508
2018,FRA,SEN,1048
2018,FRA,SLE,150
2018,FRA,SOM,980
2018,FRA,TCD,468
2018,FRA,TGO,175
2018,FRA,TUN,132
2018,FRA,TZA,5
2018,FRA,UGA,21
2018,FRA,ZWE,8
2018,GRC,BDI,5
2018,GRC,BFA,12
2018,GRC,CIV,28
2018,GRC,CMR,151
2018,GRC,COD,353
2018,GRC,COG,18
2018,GRC,COM,11
2018,GRC,DZA,242
2018,GRC,EGY,565
2018,GRC,ERI,12
2018,GRC,ESH,5
2018,GRC,ETH,98
2018,GRC,GHA,54
2018,GRC,GIN,60
2018,GRC,GMB,17
2018,GRC,KEN,5
2018,GRC,LBR,5
2018,GRC,LBY,5
2018,GRC,MAR,117
2018,GRC,MLI,38
2018,GRC,MRT,5
2018,GRC,NGA,119
2018,GRC,SDN,16
2018,GRC,SEN,18
2018,GRC,SLE,22
2018,GRC,SOM,12
2018,GRC,TGO,10
2018,GRC,TUN,26
2018,GRC,TZA,9
2018,GRC,UGA,21
2018,GRC,ZWE,9
2018,HRV,DZA,14
2018,HRV,EGY,5
2018,HRV,MAR,5
2018,HRV,TUN,14
2018,IRL,AGO,5
2018,IRL,BDI,5
2018,IRL,BEN,5
2018,IRL,BWA,10
2018,IRL,CMR,15
2018,IRL,COD,80
2018,IRL,COG,5
2018,IRL,DZA,70
2018,IRL,EGY,16
2018,IRL,GHA,13
2018,IRL,GMB,5
2018,IRL,MAR,8
2018,IRL,MUS,14
2018,IRL,MWI,47
2018,IRL,NGA,171
2018,IRL,SDN,7
2018,IRL,SEN,5
2018,IRL,SLE,10
2018,IRL,SOM,5
2018,IRL,TUN,10
2018,IRL,UGA,5
2018,IRL,ZAF,85
2018,IRL,ZWE,136
2018,LUX,DZA,5
2018,LUX,ERI,5
2018,LUX,GMB,5
2018,LUX,MAR,5
2018,MLT,EGY,15
2018,MLT,ERI,52
2018,MLT,ETH,26
2018,MLT,GIN,5
2018,MLT,GMB,11
2018,MLT,LBY,68
2018,MLT,MAR,6
2018,MLT,MLI,5
2018,MLT,NER,19
2018,MLT,NGA,5
2018,MLT,SDN,13
2018,MLT,SEN,6
2018,MLT,SLE,5
2018,MLT,SOM,364
2018,MLT,TCD,5
2018,MLT,TUN,5
2018,NOR,AGO,21
2018,NOR,BDI,5
2018,NOR,CIV,5
2018,NOR,CMR,5
2018,NOR,COD,16
2018,NOR,DZA,7
2018,NOR,EGY,10
2018,NOR,ERI,189
2018,NOR,ETH,184
2018,NOR,GIN,9
2018,NOR,GMB,5
2018,NOR,LBR,5
2018,NOR,LBY,12
2018,NOR,MAR,21
2018,NOR,NER,5
2018,NOR,NGA,26
2018,NOR,RWA,6
2018,NOR,SDN,22
2018,NOR,SOM,93
2018,NOR,TUN,7
2018,NOR,UGA,5
2018,SVN,DZA,5
2018,SVN,MAR,5
2018,SWE,AGO,26
2018,SWE,BDI,29
2018,SWE,BFA,5
2018,SWE,CAF,6
2018,SWE,CIV,15
2018,SWE,CMR,59
2018,SWE,COD,45
2018,SWE,COG,12
2018,SWE,DJI,13
2018,SWE,DZA,65
2018,SWE,EGY,213
2018,SWE,ERI,144
2018,SWE,ETH,428
2018,SWE,GAB,5
2018,SWE,GHA,26
2018,SWE,GIN,28
2018,SWE,GMB,87
2018,SWE,GNB,5
2018,SWE,KEN,24
2018,SWE,LBR,6
2018,SWE,LBY,59
2018,SWE,MAR,240
2018,SWE,MLI,5
2018,SWE,NGA,261
2018,SWE,RWA,17
2018,SWE,SDN,91
2018,SWE,SEN,19
2018,SWE,SLE,16
2018,SWE,SOM,825
2018,SWE,TCD,6
2018,SWE,TUN,79
2018,SWE,TZA,31
2018,SWE,UGA,40
2018,SWE,ZAF,9
2018,SWE,ZMB,5
2019,CYP,CMR,16
2019,CYP,COD,18
2019,CYP,EGY,60
2019,DNK,BDI,5
2019,DNK,CMR,12
2019,DNK,COG,13
2019,DNK,DZA,6
2019,DNK,EGY,5
2019,DNK,ERI,18
2019,DNK,ETH,5
2019,DNK,GIN,5
2019,DNK,KEN,5
2019,DNK,MAR,11
2019,DNK,NGA,14
2019,DNK,SDN,5
2019,DNK,SEN,5
2019,DNK,SOM,105
2019,DNK,TUN,8
2019,DNK,UGA,6
2019,FRA,AGO,425
2019,FRA,BDI,63
2019,FRA,BEN,57
2019,FRA,BFA,80
2019,FRA,CAF,171
2019,FRA,CIV,2554
2019,FRA,CMR,335
2019,FRA,COD,2134
2019,FRA,COG,529
2019,FRA,COM,205
2019,FRA,DJI,22
2019,FRA,DZA,1071
2019,FRA,EGY,287
2019,FRA,ERI,244
2019,FRA,ESH,206
2019,FRA,ETH,241
2019,FRA,GAB,106
2019,FRA,GHA,52
2019,FRA,GIN,4718
2019,FRA,GMB,117
2019,FRA,GNB,60
2019,FRA,GNQ,5
2019,FRA,KEN,26
2019,FRA,LBR,24
2019,FRA,LBY,238
2019,FRA,MAR,252
2019,FRA,MDG,35
2019,FRA,MLI,2415
2019,FRA,MRT,988
2019,FRA,NER,29
2019,FRA,NGA,2271
2019,FRA,RWA,89
2019,FRA,SDN,1482
2019,FRA,SEN,1185
2019,FRA,SLE,126
2019,FRA,SOM,1142
2019,FRA,SSD,14
2019,FRA,TCD,618
2019,FRA,TGO,109
2019,FRA,TUN,162
2019,FRA,TZA,14
2019,FRA,UGA,13
2019,FRA,ZAF,10
2019,FRA,ZWE,5
2019,HRV,DZA,15
2019,IRL,AGO,10
2019,IRL,BWA,5
2019,IRL,CIV,5
2019,IRL,CMR,11
2019,IRL,COD,74
2019,IRL,DZA,67
2019,IRL,EGY,19
2019,IRL,GHA,16
2019,IRL,LBY,5
2019,IRL,MAR,9
2019,IRL,MUS,9
2019,IRL,MWI,75
2019,IRL,NGA,139
2019,IRL,SDN,9
2019,IRL,SLE,7
2019,IRL,SWZ,14
2019,IRL,ZAF,106
2019,IRL,ZWE,205
2019,MLT,BFA,5
2019,MLT,CIV,11
2019,MLT,EGY,13
2019,MLT,ERI,18
2019,MLT,ETH,9
2019,MLT,GHA,16
2019,MLT,GIN,10
2019,MLT,GMB,140
2019,MLT,LBY,33
2019,MLT,MAR,15
2019,MLT,MLI,6
2019,MLT,NGA,38
2019,MLT,SDN,5
2019,MLT,SEN,20
2019,MLT,SLE,7
2019,MLT,SOM,213
2019,NOR,AGO,8
2019,NOR,BDI,5
2019,NOR,CMR,8
2019,NOR,COD,6
2019,NOR,DZA,5
2019,NOR,EGY,5
2019,NOR,ERI,87
2019,NOR,ETH,67
2019,NOR,GHA,9
2019,NOR,GIN,7
2019,NOR,GMB,5
2019,NOR,KEN,6
2019,NOR,LBY,9
2019,NOR,MAR,15
2019,NOR,NGA,8
2019,NOR,RWA,6
2019,NOR,SDN,8
2019,NOR,SOM,86
2019,NOR,TUN,6
2019,NOR,UGA,5
2019,POL,AGO,5
2019,POL,DZA,7
2019,POL,EGY,9
2019,POL,ETH,5
2019,POL,GMB,5
2019,POL,NGA,5
2019,POL,UGA,5
2019,SVN,DZA,6
2019,SVN,MAR,6
2019,SWE,AGO,21
2019,SWE,BDI,58
2019,SWE,BFA,5
2019,SWE,CIV,13
2019,SWE,CMR,81
2019,SWE,COD,47
2019,SWE,COG,5
2019,SWE,DJI,9
2019,SWE,DZA,50
2019,SWE,EGY,302
2019,SWE,ERI,143
2019,SWE,ETH,308
2019,SWE,GAB,5
2019,SWE,GHA,37
2019,SWE,GIN,34
2019,SWE,GMB,100
2019,SWE,GNB,5
2019,SWE,KEN,32
2019,SWE,LBR,8
2019,SWE,LBY,73
2019,SWE,MAR,180
2019,SWE,MLI,9
2019,SWE,MRT,6
2019,SWE,NGA,263
2019,SWE,RWA,31
2019,SWE,SDN,68
2019,SWE,SEN,15
2019,SWE,SLE,14
2019,SWE,SOM,426
2019,SWE,TGO,5
2019,SWE,TUN,84
2019,SWE,TZA,37
2019,SWE,UGA,29
2019,SWE,ZAF,6
2019,SWE,ZWE,11
2020,DNK,CMR,5
2020,DNK,COD,7
2020,DNK,DZA,5
2020,DNK,EGY,5
2020,DNK,ERI,22
2020,DNK,ETH,5
2020,DNK,GHA,5
2020,DNK,KEN,5
2020,DNK,MAR,13
2020,DNK,NGA,5
2020,DNK,SDN,7
2020,DNK,SOM,89
2020,DNK,TUN,5
2020,DNK,UGA,5
2020,FRA,AGO,677
2020,FRA,BDI,178
2020,FRA,BEN,48
2020,FRA,BFA,85
2020,FRA,CAF,186
2020,FRA,CIV,2565
2020,FRA,CMR,451
2020,FRA,COD,1714
2020,FRA,COG,491
2020,FRA,COM,331
2020,FRA,DJI,24
2020,FRA,DZA,751
2020,FRA,EGY,150
2020,FRA,ERI,206
2020,FRA,ESH,111
2020,FRA,ETH,210
2020,FRA,GAB,86
2020,FRA,GHA,52
2020,FRA,GIN,4177
2020,FRA,GMB,120
2020,FRA,GNB,27
2020,FRA,GNQ,7
2020,FRA,KEN,13
2020,FRA,LBR,15
2020,FRA,LBY,138
2020,FRA,MAR,243
2020,FRA,MDG,28
2020,FRA,MLI,1724
2020,FRA,MRT,831
2020,FRA,NER,43
2020,FRA,NGA,2188
2020,FRA,RWA,101
2020,FRA,SDN,692
2020,FRA,SEN,1089
2020,FRA,SLE,103
2020,FRA,SOM,980
2020,FRA,SSD,9
2020,FRA,TCD,368
2020,FRA,TGO,72
2020,FRA,TUN,124
2020,FRA,TZA,5
2020,FRA,UGA,8
2020,FRA,ZAF,9
2020,GRC,AGO,6
2020,GRC,BDI,5
2020,GRC,BFA,7
2020,GRC,CIV,13
2020,GRC,CMR,171
2020,GRC,COD,637
2020,GRC,COG,22
2020,GRC,DZA,177
2020,GRC,EGY,435
2020,GRC,ERI,6
2020,GRC,ETH,27
2020,GRC,GAB,5
2020,GRC,GHA,75
2020,GRC,GIN,47
2020,GRC,GMB,104
2020,GRC,LBY,8
2020,GRC,MAR,130
2020,GRC,MLI,20
2020,GRC,MRT,5
2020,GRC,NER,11
2020,GRC,NGA,70
2020,GRC,RWA,5
2020,GRC,SDN,21
2020,GRC,SEN,46
2020,GRC,SLE,45
2020,GRC,SOM,78
2020,GRC,TGO,46
2020,GRC,TUN,14
2020,GRC,UGA,14
2020,HRV,DZA,12
2020,HRV,MAR,13
2020,HRV,NGA,5
2020,HRV,SLE,5
2020,HRV,TUN,5
2020,IRL,AGO,5
2020,IRL,BWA,5
2020,IRL,CMR,5
2020,IRL,COD,29
2020,IRL,DZA,32
2020,IRL,EGY,5
2020,IRL,GHA,11
2020,IRL,MAR,16
2020,IRL,MUS,5
2020,IRL,MWI,32
2020,IRL,NGA,91
2020,IRL,SLE,10
2020,IRL,SOM,5
2020,IRL,SWZ,5
2020,IRL,TZA,5
2020,IRL,UGA,5
2020,IRL,ZAF,128
2020,IRL,ZWE,163
2020,ITA,BEN,5
2020,ITA,BFA,29
2020,ITA,CIV,120
2020,ITA,CMR,16
2020,ITA,DZA,7
2020,ITA,EGY,20
2020,ITA,GHA,226
2020,ITA,GIN,125
2020,ITA,GMB,566
2020,ITA,GNB,50
2020,ITA,LBR,5
2020,ITA,MAR,17
2020,ITA,MLI,276
2020,ITA,NER,21
2020,ITA,NGA,2296
2020,ITA,SDN,5
2020,ITA,SEN,401
2020,ITA,SLE,27
2020,ITA,SOM,8
2020,ITA,TGO,38
2020,ITA,TUN,22
2020,LUX,BEN,5
2020,LUX,CIV,6
2020,LUX,CMR,6
2020,LUX,ETH,5
2020,LUX,GIN,19
2020,LUX,MAR,6
2020,LUX,NGA,5
2020,LUX,SDN,6
2020,LUX,SEN,5
2020,LUX,TUN,5
2020,NOR,AGO,14
2020,NOR,CIV,5
2020,NOR,CMR,5
2020,NOR,COD,5
2020,NOR,DZA,5
2020,NOR,EGY,5
2020,NOR,ERI,82
2020,NOR,ETH,100
2020,NOR,GHA,8
2020,NOR,GIN,5
2020,NOR,GMB,5
2020,NOR,LBY,5
2020,NOR,MAR,10
2020,NOR,NGA,6
2020,NOR,RWA,5
2020,NOR,SDN,14
2020,NOR,SOM,38
2020,POL,AGO,5
2020,POL,DZA,8
2020,POL,EGY,13
2020,POL,GIN,6
2020,POL,NGA,12
2020,SVN,COD,5
2020,SVN,DZA,5
2020,SVN,MAR,5
2020,SWE,AGO,22
2020,SWE,BDI,37
2020,SWE,BFA,5
2020,SWE,CIV,9
2020,SWE,CMR,124
2020,SWE,COD,90
2020,SWE,COG,19
2020,SWE,DJI,14
2020,SWE,DZA,41
2020,SWE,EGY,347
2020,SWE,ERI,205
2020,SWE,ETH,374
2020,SWE,GAB,5
2020,SWE,GHA,73
2020,SWE,GIN,11
2020,SWE,GMB,103
2020,SWE,GNB,7
2020,SWE,GNQ,9
2020,SWE,KEN,36
2020,SWE,LBR,11
2020,SWE,LBY,31
2020,SWE,MAR,168
2020,SWE,MLI,6
2020,SWE,MOZ,9
2020,SWE,NGA,335
2020,SWE,RWA,47
2020,SWE,SDN,94
2020,SWE,SEN,23
2020,SWE,SLE,14
2020,SWE,SOM,419
2020,SWE,SWZ,5
2020,SWE,TGO,5
2020,SWE,TUN,51
2020,SWE,TZA,47
2020,SWE,UGA,86
2020,SWE,ZAF,10
2020,SWE,ZMB,5
2020,SWE,ZWE,5
2021,CYP,BFA,5
2021,CYP,CIV,18
2021,CYP,CMR,327
2021,CYP,COD,162
2021,CYP,EGY,400
2021,CYP,GHA,6
2021,CYP,GIN,40
2021,CYP,GMB,21
2021,CYP,LBR,5
2021,CYP,MAR,5
2021,CYP,NGA,432
2021,CYP,SEN,7
2021,CYP,SLE,49
2021,CYP,SOM,43
2021,CYP,ZWE,6
2021,DNK,CMR,5
2021,DNK,COD,9
2021,DNK,DZA,9
2021,DNK,EGY,13
2021,DNK,ERI,18
2021,DNK,ETH,6
2021,DNK,GHA,5
2021,DNK,MAR,25
2021,DNK,NGA,7
2021,DNK,RWA,5
2021,DNK,SOM,37
2021,DNK,UGA,9
2021,FRA,AGO,1072
2021,FRA,BDI,288
2021,FRA,BEN,52
2021,FRA,BFA,163
2021,FRA,CAF,230
2021,FRA,CIV,4071
2021,FRA,CMR,611
2021,FRA,COD,3265
2021,FRA,COG,538
2021,FRA,COM,1423
2021,FRA,CPV,5
2021,FRA,DJI,67
2021,FRA,DZA,870
2021,FRA,EGY,411
2021,FRA,ERI,505
2021,FRA,ESH,327
2021,FRA,ETH,433
2021,FRA,GAB,116
2021,FRA,GHA,85
2021,FRA,GIN,4957
2021,FRA,GMB,308
2021,FRA,GNB,62
2021,FRA,GNQ,6
2021,FRA,KEN,19
2021,FRA,LBR,66
2021,FRA,LBY,128
2021,FRA,MAR,336
2021,FRA,MDG,122
2021,FRA,MLI,1431
2021,FRA,MOZ,5
2021,FRA,MRT,1412
2021,FRA,MUS,5
2021,FRA,NER,92
2021,FRA,NGA,4883
2021,FRA,RWA,161
2021,FRA,SDN,941
2021,FRA,SEN,1275
2021,FRA,SLE,209
2021,FRA,SOM,1796
2021,FRA,SSD,6
2021,FRA,TCD,706
2021,FRA,TGO,91
2021,FRA,TUN,173
2021,FRA,TZA,11
2021,FRA,UGA,22
2021,FRA,ZAF,12
2021,FRA,ZWE,6
2021,GRC,AGO,16
2021,GRC,BDI,12
2021,GRC,BFA,21
2021,GRC,CIV,21
2021,GRC,CMR,208
2021,GRC,COD,1250
2021,GRC,COG,24
2021,GRC,COM,5
2021,GRC,DZA,133
2021,GRC,EGY,478
2021,GRC,ETH,8
2021,GRC,GHA,91
2021,GRC,GIN,74
2021,GRC,GMB,94
2021,GRC,KEN,7
2021,GRC,LBY,6
2021,GRC,MAR,94
2021,GRC,MLI,45
2021,GRC,NER,5
2021,GRC,NGA,78
2021,GRC,SDN,35
2021,GRC,SEN,40
2021,GRC,SLE,57
2021,GRC,SOM,486
2021,GRC,SSD,5
2021,GRC,TGO,54
2021,GRC,TUN,20
2021,GRC,TZA,5
2021,GRC,UGA,13
2021,HRV,DZA,5
2021,HRV,MAR,5
2021,HRV,TUN,5
2021,IRL,AGO,5
2021,IRL,CMR,5
2021,IRL,COD,24
2021,IRL,DZA,26
2021,IRL,EGY,10
2021,IRL,GHA,14
2021,IRL,MAR,6
2021,IRL,MWI,16
2021,IRL,NGA,74
2021,IRL,SLE,5
2021,IRL,SOM,7
2021,IRL,TGO,10
2021,IRL,UGA,5
2021,IRL,ZAF,40
2021,IRL,ZWE,99
2021,ITA,BEN,22
2021,ITA,BFA,60
2021,ITA,CIV,253
2021,ITA,CMR,22
2021,ITA,DZA,8
2021,ITA,EGY,29
2021,ITA,GHA,432
2021,ITA,GIN,212
2021,ITA,GMB,970
2021,ITA,GNB,69
2021,ITA,LBR,11
2021,ITA,LBY,10
2021,ITA,MAR,60
2021,ITA,MLI,447
2021,ITA,NER,21
2021,ITA,NGA,4170
2021,ITA,SEN,739
2021,ITA,SLE,30
2021,ITA,SOM,23
2021,ITA,TCD,5
2021,ITA,TGO,53
2021,ITA,TUN,113
2021,MLT,CIV,25
2021,MLT,CMR,6
2021,MLT,DZA,16
2021,MLT,EGY,93
2021,MLT,ERI,5
2021,MLT,ETH,8
2021,MLT,GHA,24
2021,MLT,GIN,6
2021,MLT,GMB,23
2021,MLT,LBY,22
2021,MLT,MAR,75
2021,MLT,MLI,8
2021,MLT,NGA,54
2021,MLT,SDN,5
2021,MLT,SEN,18
2021,MLT,SLE,5
2021,MLT,SOM,23
2021,MLT,TCD,5
2021,MLT,TGO,5
2021,MLT,TUN,5
2021,NOR,CMR,5
2021,NOR,COD,5
2021,NOR,DZA,5
2021,NOR,ERI,63
2021,NOR,ETH,60
2021,NOR,GMB,5
2021,NOR,KEN,5
2021,NOR,MAR,7
2021,NOR,MLI,5
2021,NOR,NGA,14
2021,NOR,SDN,9
2021,NOR,SOM,41
2021,NOR,TUN,6
2021,NOR,UGA,5
2021,NOR,ZWE,5
2021,POL,COG,5
2021,POL,DZA,5
2021,POL,EGY,8
2021,POL,NGA,7
2021,SWE,AGO,13
2021,SWE,BDI,32
2021,SWE,CIV,10
2021,SWE,CMR,104
2021,SWE,COD,21
2021,SWE,COG,7
2021,SWE,DJI,13
2021,SWE,DZA,44
2021,SWE,EGY,133
2021,SWE,ERI,105
2021,SWE,ETH,272
2021,SWE,GHA,29
2021,SWE,GIN,14
2021,SWE,GMB,89
2021,SWE,KEN,28
2021,SWE,LBR,6
2021,SWE,LBY,48
2021,SWE,MAR,82
2021,SWE,MOZ,5
2021,SWE,NAM,5
2021,SWE,NER,5
2021,SWE,NGA,243
2021,SWE,RWA,23
2021,SWE,SDN,80
2021,SWE,SEN,19
2021,SWE,SLE,5
2021,SWE,SOM,279
2021,SWE,TUN,45
2021,SWE,TZA,24
2021,SWE,UGA,50
2021,SWE,ZWE,8
2022,BEL,AGO,94
2022,BEL,BDI,55
2022,BEL,BEN,20
2022,BEL,BFA,51
2022,BEL,CIV,91
2022,BEL,CMR,205
2022,BEL,COD,403
2022,BEL,COG,5
2022,BEL,DJI,8
2022,BEL,DZA,32
2022,BEL,EGY,22
2022,BEL,ERI,105
2022,BEL,ETH,16
2022,BEL,GAB,8
2022,BEL,GHA,21
2022,BEL,GIN,365
2022,BEL,GMB,35
2022,BEL,LBR,16
2022,BEL,LBY,40
2022,BEL,MAR,22
2022,BEL,MLI,22
2022,BEL,MRT,43
2022,BEL,NER,34
2022,BEL,NGA,131
2022,BEL,RWA,133
2022,BEL,SDN,41
2022,BEL,SEN,108
2022,BEL,SLE,16
2022,BEL,SOM,159
2022,BEL,TCD,21
2022,BEL,TGO,44
2022,BEL,TUN,19
2022,BEL,TZA,11
2022,BEL,UGA,8
2022,CYP,BDI,5
2022,CYP,CIV,25
2022,CYP,CMR,387
2022,CYP,COD,311
2022,CYP,COG,23
2022,CYP,EGY,197
2022,CYP,GHA,5
2022,CYP,GIN,58
2022,CYP,GMB,16
2022,CYP,LBR,5
2022,CYP,NGA,614
2022,CYP,SEN,5
2022,CYP,SLE,200
2022,CYP,SOM,69
2022,CYP,ZWE,5
2022,DNK,CMR,5
2022,DNK,COD,8
2022,DNK,DZA,5
2022,DNK,EGY,7
2022,DNK,ERI,5
2022,DNK,ETH,11
2022,DNK,GHA,5
2022,DNK,LBY,5
2022,DNK,MAR,10
2022,DNK,NGA,5
2022,DNK,SDN,7
2022,DNK,SOM,17
2022,DNK,UGA,5
2022,FRA,AGO,583
2022,FRA,BDI,160
2022,FRA,BEN,215
2022,FRA,BFA,281
2022,FRA,CAF,219
2022,FRA,CIV,3726
2022,FRA,CMR,926
2022,FRA,COD,2759
2022,FRA,COG,814
2022,FRA,COM,953
2022,FRA,DJI,169
2022,FRA,DZA,490
2022,FRA,EGY,370
2022,FRA,ERI,340
2022,FRA,ESH,104
2022,FRA,ETH,369
2022,FRA,GAB,252
2022,FRA,GHA,121
2022,FRA,GIN,2769
2022,FRA,GMB,310
2022,FRA,GNB,70
2022,FRA,GNQ,6
2022,FRA,KEN,31
2022,FRA,LBR,69
2022,FRA,LBY,136
2022,FRA,MAR,183
2022,FRA,MDG,384
2022,FRA,MLI,1622
2022,FRA,MRT,1373
2022,FRA,MUS,13
2022,FRA,NER,101
2022,FRA,NGA,3810
2022,FRA,RWA,161
2022,FRA,SDN,1146
2022,FRA,SEN,886
2022,FRA,SLE,332
2022,FRA,SOM,2417
2022,FRA,SSD,11
2022,FRA,TCD,1247
2022,FRA,TGO,208
2022,FRA,TUN,146
2022,FRA,TZA,10
2022,FRA,UGA,25
2022,FRA,ZAF,10
2022,FRA,ZWE,5
2022,GRC,AGO,20
2022,GRC,BDI,12
2022,GRC,BEN,5
2022,GRC,BFA,12
2022,GRC,CIV,23
2022,GRC,CMR,151
2022,GRC,COD,1031
2022,GRC,COG,12
2022,GRC,DJI,10
2022,GRC,DZA,101
2022,GRC,EGY,857
2022,GRC,ERI,6
2022,GRC,ETH,22
2022,GRC,GAB,5
2022,GRC,GHA,102
2022,GRC,GIN,92
2022,GRC,GMB,49
2022,GRC,LBR,5
2022,GRC,LBY,8
2022,GRC,MAR,80
2022,GRC,MLI,22
2022,GRC,NGA,123
2022,GRC,SDN,27
2022,GRC,SEN,24
2022,GRC,SLE,338
2022,GRC,SOM,656
2022,GRC,TGO,41
2022,GRC,TUN,13
2022,GRC,UGA,21
2022,IRL,BWA,45
2022,IRL,CIV,5
2022,IRL,CMR,5
2022,IRL,COD,29
2022,IRL,DZA,68
2022,IRL,EGY,6
2022,IRL,GHA,23
2022,IRL,GMB,5
2022,IRL,KEN,15
2022,IRL,MAR,15
2022,IRL,MWI,7
2022,IRL,NGA,252
2022,IRL,SDN,5
2022,IRL,SLE,5
2022,IRL,SOM,7
2022,IRL,SWZ,5
2022,IRL,TGO,13
2022,IRL,UGA,7
2022,IRL,ZAF,69
2022,IRL,ZWE,99
2022,NOR,CMR,5
2022,NOR,COD,6
2022,NOR,DZA,5
2022,NOR,ERI,63
2022,NOR,ETH,48
2022,NOR,GIN,5
2022,NOR,NGA,7
2022,NOR,SDN,5
2022,NOR,SOM,39
2022,NOR,TCD,5
2022,NOR,ZAF,5
2022,SWE,AGO,7
2022,SWE,BDI,6
2022,SWE,CIV,5
2022,SWE,CMR,74
2022,SWE,COD,43
2022,SWE,DJI,11
2022,SWE,DZA,40
2022,SWE,EGY,103
2022,SWE,ERI,83
2022,SWE,ETH,190
2022,SWE,GHA,30
2022,SWE,GIN,10
2022,SWE,GMB,48
2022,SWE,KEN,11
2022,SWE,LBR,5
2022,SWE,LBY,21
2022,SWE,MAR,100
2022,SWE,NGA,153
2022,SWE,RWA,18
2022,SWE,SDN,14
2022,SWE,SEN,9
2022,SWE,SLE,6
2022,SWE,SOM,189
2022,SWE,TUN,43
2022,SWE,TZA,14
2022,SWE,UGA,22
2022,SWE,ZWE,5
2023,BEL,AGO,48
2023,BEL,BDI,195
2023,BEL,BEN,27
2023,BEL,BFA,40
2023,BEL,CIV,86
2023,BEL,CMR,240
2023,BEL,COD,354
2023,BEL,COG,11
2023,BEL,DJI,8
2023,BEL,DZA,52
2023,BEL,EGY,34
2023,BEL,ERI,101
2023,BEL,ETH,45
2023,BEL,GAB,6
2023,BEL,GHA,22
2023,BEL,GIN,527
2023,BEL,GMB,38
2023,BEL,LBR,15
2023,BEL,LBY,37
2023,BEL,MAR,55
2023,BEL,MLI,19
2023,BEL,MRT,103
2023,BEL,NER,37
2023,BEL,NGA,131
2023,BEL,RWA,89
2023,BEL,SDN,35
2023,BEL,SEN,109
2023,BEL,SLE,13
2023,BEL,SOM,175
2023,BEL,TCD,13
2023,BEL,TGO,46
2023,BEL,TUN,32
2023,BEL,TZA,10
2023,BEL,UGA,12
2023,CYP,CAF,5
2023,CYP,CIV,19
2023,CYP,CMR,529
2023,CYP,COD,774
2023,CYP,COG,49
2023,CYP,EGY,177
2023,CYP,GHA,24
2023,CYP,GIN,40
2023,CYP,GMB,32
2023,CYP,KEN,5
2023,CYP,LBR,12
2023,CYP,NER,5
2023,CYP,NGA,2478
2023,CYP,SEN,13
2023,CYP,SLE,139
2023,CYP,SOM,139
2023,CYP,ZWE,5
2023,CZE,DZA,9
2023,CZE,MAR,17
2023,CZE,NGA,20
2023,CZE,TUN,6
2023,DEU,AGO,265
2023,DEU,BDI,287
2023,DEU,BEN,177
2023,DEU,BFA,58
2023,DEU,CAF,5
2023,DEU,CIV,475
2023,DEU,CMR,455
2023,DEU,COD,238
2023,DEU,COG,19
2023,DEU,COM,7
2023,DEU,DJI,27
2023,DEU,DZA,557
2023,DEU,EGY,552
2023,DEU,ERI,511
2023,DEU,ETH,553
2023,DEU,GAB,7
2023,DEU,GHA,172
2023,DEU,GIN,869
2023,DEU,GMB,269
2023,DEU,GNB,20
2023,DEU,KEN,96
2023,DEU,LBR,90
2023,DEU,LBY,535
2023,DEU,MAR,440
2023,DEU,MDG,5
2023,DEU,MLI,68
2023,DEU,MOZ,15
2023,DEU,MRT,19
2023,DEU,MWI,18
2023,DEU,NAM,20
2023,DEU,NER,31
2023,DEU,NGA,1870
2023,DEU,RWA,84
2023,DEU,SDN,139
2023,DEU,SEN,62
2023,DEU,SLE,173
2023,DEU,SOM,914
2023,DEU,SSD,16
2023,DEU,TCD,19
2023,DEU,TGO,105
2023,DEU,TUN,915
2023,DEU,TZA,77
2023,DEU,UGA,76
2023,DEU,ZAF,38
2023,DEU,ZWE,69
2023,DNK,BDI,5
2023,DNK,COD,10
2023,DNK,EGY,5
2023,DNK,ERI,8
2023,DNK,ETH,5
2023,DNK,GMB,5
2023,DNK,MAR,8
2023,DNK,NGA,6
2023,DNK,SOM,21
2023,DNK,UGA,8
2023,DNK,ZWE,5
2023,GRC,AGO,9
2023,GRC,BFA,6
2023,GRC,CIV,16
2023,GRC,CMR,146
2023,GRC,COD,430
2023,GRC,COG,28
2023,GRC,COM,5
2023,GRC,DJI,11
2023,GRC,DZA,35
2023,GRC,EGY,945
2023,GRC,ERI,155
2023,GRC,ETH,17
2023,GRC,GHA,83
2023,GRC,GIN,76
2023,GRC,GMB,49
2023,GRC,KEN,7
2023,GRC,LBR,11
2023,GRC,LBY,10
2023,GRC,MAR,44
2023,GRC,MLI,16
2023,GRC,NER,5
2023,GRC,NGA,60
2023,GRC,SDN,21
2023,GRC,SEN,26
2023,GRC,SLE,479
2023,GRC,SOM,537
2023,GRC,TGO,19
2023,GRC,TUN,10
2023,GRC,TZA,5
2023,GRC,UGA,13
2023,GRC,ZWE,5
2023,HRV,BDI,5
2023,HRV,CIV,5
2023,IRL,AGO,7
2023,IRL,BEN,5
2023,IRL,BWA,147
2023,IRL,CMR,9
2023,IRL,COD,71
2023,IRL,DZA,438
2023,IRL,EGY,85
2023,IRL,ETH,5
2023,IRL,GHA,24
2023,IRL,GIN,5
2023,IRL,KEN,14
2023,IRL,LSO,5
2023,IRL,MAR,43
2023,IRL,MOZ,5
2023,IRL,MUS,11
2023,IRL,MWI,33
2023,IRL,NGA,398
2023,IRL,SDN,8
2023,IRL,SLE,30
2023,IRL,SOM,112
2023,IRL,SWZ,24
2023,IRL,TGO,5
2023,IRL,TUN,8
2023,IRL,UGA,5
2023,IRL,ZAF,462
2023,IRL,ZMB,5
2023,IRL,ZWE,370
2023,NOR,BDI,5
2023,NOR,DZA,5
2023,NOR,ERI,67
2023,NOR,ETH,43
2023,NOR,LBY,7
2023,NOR,MAR,11
2023,NOR,NGA,8
2023,NOR,SDN,7
2023,NOR,SOM,37
2023,NOR,TUN,9
2023,NOR,TZA,5
2023,POL,CIV,5
2023,POL,COD,18
2023,POL,COG,7
2023,POL,DZA,5
2023,POL,EGY,98
2023,POL,GHA,5
2023,POL,GIN,6
2023,POL,MAR,8
2023,POL,NGA,12
2023,POL,RWA,6
2023,POL,SDN,5
2023,POL,TUN,7
2023,POL,TZA,5
2023,SVN,BDI,36
2023,SVN,DZA,5
2023,SVN,MAR,5
2023,SWE,AGO,5
2023,SWE,BDI,26
2023,SWE,BWA,6
2023,SWE,CIV,10
2023,SWE,CMR,71
2023,SWE,COD,44
2023,SWE,COG,5
2023,SWE,DJI,8
2023,SWE,DZA,37
2023,SWE,EGY,82
2023,SWE,ERI,91
2023,SWE,ETH,226
2023,SWE,GHA,25
2023,SWE,GIN,18
2023,SWE,GMB,49
2023,SWE,KEN,26
2023,SWE,LBR,5
2023,SWE,LBY,23
2023,SWE,MAR,78
2023,SWE,MLI,5
2023,SWE,NGA,185
2023,SWE,RWA,42
2023,SWE,SDN,57
2023,SWE,SEN,9
2023,SWE,SLE,14
2023,SWE,SOM,185
2023,SWE,TUN,35
2023,SWE,TZA,25
2023,SWE,UGA,61
2023,SWE,ZAF,13
2023,SWE,ZWE,17
